p1Null,p2Null,isValidp1,isValidp2,isStringp1,isStringp2,isDisjointp1p2,sizeof1,sizeof2,strlen1,strlen2,n
0,0,1,1,0,0,1,9,9,10,8,9
0,0,1,1,0,0,1,9,9,10,4,4
0,0,1,1,0,0,0,9,10,1,5,1
0,0,1,0,0,1,0,3,8,8,6,1
0,0,1,1,0,0,1,10,5,1,8,4
0,0,1,1,0,1,1,6,5,6,3,1
0,0,1,0,1,0,0,6,3,3,1,5
0,0,1,1,0,1,0,5,9,7,5,1
0,0,1,1,1,0,1,8,7,4,10,2
0,0,1,1,0,0,1,9,10,7,7,2
0,0,1,1,1,0,0,6,7,3,9,5
0,0,1,1,0,0,0,8,5,6,4,1
0,0,1,1,1,1,1,4,9,3,4,2
0,0,1,1,0,0,1,3,6,4,4,1
0,0,1,1,0,0,0,6,2,2,7,2
0,0,1,0,0,0,0,6,3,4,3,1
0,0,1,1,1,0,1,6,9,3,5,6
0,0,1,0,0,1,0,4,2,9,6,2
0,0,1,1,1,1,0,6,8,3,1,2
0,0,1,1,1,0,0,9,8,2,9,6
0,0,1,1,1,0,1,6,6,1,5,3
0,0,1,0,0,0,0,10,1,8,1,2
0,0,1,1,0,0,0,5,1,2,1,2
0,0,1,1,1,0,1,6,8,1,6,5
0,0,1,1,0,1,0,5,10,2,4,2
0,0,1,0,0,0,0,8,9,10,1,1
