p1Null,isValidp1,isStringp1,sizeof1,strlen1,ch
0,1,1,4,1,8
0,1,1,10,1,3
0,1,1,8,5,5
0,1,1,9,6,5
0,1,1,4,3,4
0,1,1,7,4,8
0,1,1,4,1,9
0,1,1,2,1,9
0,1,1,8,4,10
0,1,1,8,4,2
0,1,1,10,3,10
0,1,1,4,3,9
0,1,1,6,1,5
0,1,1,3,1,6
0,1,1,10,3,9
0,1,1,10,5,2
0,1,1,6,4,3
0,1,1,6,1,9
0,1,1,7,2,4
0,1,1,9,4,7
0,1,1,9,8,8
0,1,1,8,6,6
0,1,1,6,3,10
0,1,1,7,5,4
0,1,1,10,7,9
0,1,1,10,2,3
0,1,1,4,1,3
0,1,1,7,3,9
0,1,1,9,8,5
0,1,1,9,2,8
0,1,1,10,5,3
0,1,1,10,7,8
0,1,1,9,8,8
0,1,1,9,6,2
0,1,1,9,7,5
0,1,1,6,1,3
0,1,1,2,1,5
0,1,1,6,5,4
0,1,1,7,2,8
0,1,1,6,4,7
0,1,1,10,4,6
0,1,1,10,4,9
0,1,1,6,4,3
0,1,1,6,5,6
0,1,1,5,2,2
0,1,1,8,6,4
0,1,1,6,5,9
0,1,1,4,2,10
0,1,1,8,4,5
0,1,1,10,1,3
0,1,1,9,8,2
0,1,1,7,4,10
0,1,1,10,7,9
0,1,1,7,5,7
0,1,1,5,1,9
0,1,1,7,2,9
0,1,1,7,2,2
0,1,1,7,5,8
0,1,1,7,4,6
0,1,1,5,2,10
0,1,1,7,5,3
0,1,1,7,6,4
0,1,1,9,1,6
0,1,1,10,7,5
0,1,1,10,2,7
0,1,1,7,6,1
0,1,1,9,1,7
0,1,1,6,2,7
0,1,1,5,4,1
0,1,1,10,5,4
0,1,1,8,3,6
0,1,1,7,1,6
0,1,1,9,4,2
0,1,1,7,6,8
0,1,1,8,6,1
0,1,1,8,4,4
0,1,1,9,6,1
0,1,1,6,5,6
0,1,1,9,2,10
0,1,1,6,5,2
0,1,1,7,5,6
0,1,1,7,4,3
0,1,1,6,3,1
0,1,1,8,4,2
0,1,1,6,4,10
0,1,1,9,8,8
0,1,1,6,3,1
0,1,1,7,3,9
0,1,1,6,2,4
0,1,1,10,2,9
0,1,1,10,5,6
0,1,1,6,4,10
0,1,1,2,1,7
0,1,1,10,4,10
0,1,1,10,6,5
0,1,1,9,5,1
0,1,1,9,8,9
0,1,1,4,2,6
0,1,1,5,2,4
0,1,1,10,8,10
0,1,1,4,2,2
0,1,1,10,4,3
0,1,1,5,1,3
0,1,1,8,6,7
0,1,1,10,8,5
0,1,1,10,2,1
0,1,1,8,6,3
0,1,1,10,3,2
0,1,1,8,7,3
0,1,1,9,2,4
0,1,1,5,1,8
0,1,1,10,1,2
0,1,1,7,1,2
0,1,1,7,2,6
0,1,1,9,8,4
0,1,1,7,4,5
0,1,1,6,2,8
0,1,1,3,1,9
0,1,1,4,3,7
0,1,1,10,3,8
0,1,1,7,5,10
